date,sales
2013-01-01,1742
2013-01-02,1808
2013-01-03,1887
2013-01-04,1983
2013-01-05,2087
2013-01-06,2206
2013-01-07,1496
2013-01-08,1800
2013-01-09,1786
2013-01-1,1956
2013-01-11,1989
2013-01-12,2166
2013-01-13,2258
2013-01-14,1504
2013-01-15,1766
2013-01-16,1749
2013-01-17,1826
2013-01-18,2058
2013-01-19,2125
2013-01-2,2236
2013-01-21,1546
2013-01-22,1732
2013-01-23,1744
2013-01-24,1792
2013-01-25,2062
2013-01-26,2164
2013-01-27,2289
2013-01-28,1503
2013-01-29,1748
2013-01-3,1722
2013-01-31,1790
2013-02-01,2241
2013-02-02,2488
2013-02-03,2566
2013-02-04,1655
2013-02-05,1929
2013-02-06,2004
2013-02-07,2127
2013-02-08,2172
2013-02-09,2306
2013-02-1,2578
2013-02-11,1728
2013-02-12,1940
2013-02-13,1971
2013-02-14,2055
2013-02-15,2285
2013-02-16,2449
2013-02-17,2513
2013-02-18,1648
2013-02-19,1966
2013-02-2,1917
2013-02-21,2094
2013-02-22,2275
2013-02-23,2320
2013-02-24,2563
2013-02-25,1653
2013-02-26,1942
2013-02-27,1956
2013-02-28,2043
2013-03-01,2732
2013-03-02,2905
2013-03-03,3035
2013-03-04,2023
2013-03-05,2340
2013-03-06,2390
2013-03-07,2428
2013-03-08,2653
2013-03-09,2860
2013-03-1,2980
2013-03-11,1965
2013-03-12,2302
2013-03-13,2412
2013-03-14,2423
2013-03-15,2669
2013-03-16,2801
2013-03-17,3020
2013-03-18,2025
2013-03-19,2313
2013-03-2,2337
2013-03-21,2543
2013-03-22,2706
2013-03-23,2864
2013-03-24,2977
2013-03-25,1998
2013-03-26,2430
2013-03-27,2360
2013-03-28,2588
2013-03-29,2655
2013-03-3,2875
2013-03-31,3000
2013-04-01,2471
2013-04-02,2736
2013-04-03,2719
2013-04-04,2952
2013-04-05,3077
2013-04-06,3302
2013-04-07,3414
2013-04-08,2336
2013-04-09,2779
2013-04-1,2685
2013-04-11,3036
2013-04-12,3170
2013-04-13,3250
2013-04-14,3667
2013-04-15,2284
2013-04-16,2736
2013-04-17,2684
2013-04-18,2931
2013-04-19,3119
2013-04-2,3329
2013-04-21,3566
2013-04-22,2341
2013-04-23,2773
2013-04-24,2646
2013-04-25,2907
2013-04-26,3138
2013-04-27,3309
2013-04-28,3588
2013-04-29,2347
2013-04-3,2695
2013-05-01,2971
2013-05-02,3184
2013-05-03,3379
2013-05-04,3618
2013-05-05,3814
2013-05-06,2476
2013-05-07,2942
2013-05-08,2908
2013-05-09,3088
2013-05-1,3421
2013-05-11,3549
2013-05-12,3717
2013-05-13,2474
2013-05-14,2973
2013-05-15,2953
2013-05-16,3178
2013-05-17,3301
2013-05-18,3611
2013-05-19,3720
2013-05-2,2581
2013-05-21,2828
2013-05-22,2894
2013-05-23,3130
2013-05-24,3369
2013-05-25,3576
2013-05-26,3747
2013-05-27,2472
2013-05-28,3003
2013-05-29,2980
2013-05-3,3155
2013-05-31,3349
2013-06-01,3696
2013-06-02,4164
2013-06-03,2647
2013-06-04,3100
2013-06-05,3142
2013-06-06,3363
2013-06-07,3606
2013-06-08,3770
2013-06-09,3927
2013-06-1,2653
2013-06-11,3245
2013-06-12,3172
2013-06-13,3277
2013-06-14,3502
2013-06-15,3781
2013-06-16,4039
2013-06-17,2611
2013-06-18,3064
2013-06-19,3073
2013-06-2,3339
2013-06-21,3507
2013-06-22,3775
2013-06-23,4046
2013-06-24,2690
2013-06-25,3068
2013-06-26,3152
2013-06-27,3388
2013-06-28,3564
2013-06-29,3687
2013-06-3,4110
2013-07-01,2781
2013-07-02,3290
2013-07-03,3323
2013-07-04,3535
2013-07-05,3752
2013-07-06,4038
2013-07-07,4139
2013-07-08,2811
2013-07-09,3298
2013-07-1,3231
2013-07-11,3577
2013-07-12,3759
2013-07-13,4034
2013-07-14,4194
2013-07-15,2871
2013-07-16,3291
2013-07-17,3251
2013-07-18,3485
2013-07-19,3845
2013-07-2,4041
2013-07-21,4174
2013-07-22,2861
2013-07-23,3319
2013-07-24,3369
2013-07-25,3653
2013-07-26,3858
2013-07-27,4130
2013-07-28,4206
2013-07-29,2859
2013-07-3,3298
2013-07-31,3372
2013-08-01,3120
2013-08-02,3344
2013-08-03,3513
2013-08-04,3714
2013-08-05,2428
2013-08-06,2838
2013-08-07,2817
2013-08-08,3200
2013-08-09,3300
2013-08-1,3518
2013-08-11,3818
2013-08-12,2488
2013-08-13,2825
2013-08-14,2951
2013-08-15,3075
2013-08-16,3339
2013-08-17,3512
2013-08-18,3802
2013-08-19,2557
2013-08-2,2912
2013-08-21,2821
2013-08-22,3072
2013-08-23,3304
2013-08-24,3632
2013-08-25,3706
2013-08-26,2488
2013-08-27,2943
2013-08-28,2971
2013-08-29,3111
2013-08-3,3328
2013-08-31,3545
2013-09-01,3530
2013-09-02,2363
2013-09-03,2845
2013-09-04,2729
2013-09-05,2978
2013-09-06,3088
2013-09-07,3243
2013-09-08,3514
2013-09-09,2350
2013-09-1,2771
2013-09-11,2740
2013-09-12,2849
2013-09-13,3091
2013-09-14,3256
2013-09-15,3561
2013-09-16,2322
2013-09-17,2679
2013-09-18,2677
2013-09-19,2988
2013-09-2,3178
2013-09-21,3338
2013-09-22,3473
2013-09-23,2388
2013-09-24,2752
2013-09-25,2727
2013-09-26,2969
2013-09-27,3090
2013-09-28,3258
2013-09-29,3561
2013-09-3,2365
2013-10-01,2487
2013-10-02,2589
2013-10-03,2732
2013-10-04,2854
2013-10-05,3105
2013-10-06,3178
2013-10-07,2197
2013-10-08,2517
2013-10-09,2582
2013-10-1,2713
2013-10-11,2823
2013-10-12,3074
2013-10-13,3173
2013-10-14,2164
2013-10-15,2582
2013-10-16,2521
2013-10-17,2698
2013-10-18,2795
2013-10-19,3098
2013-10-2,3213
2013-10-21,2195
2013-10-22,2515
2013-10-23,2568
2013-10-24,2706
2013-10-25,2865
2013-10-26,3010
2013-10-27,3155
2013-10-28,2130
2013-10-29,2574
2013-10-3,2585
2013-10-31,2695
2013-11-01,3052
2013-11-02,3258
2013-11-03,3484
2013-11-04,2359
2013-11-05,2751
2013-11-06,2626
2013-11-07,2889
2013-11-08,3179
2013-11-09,3432
2013-11-1,3512
2013-11-11,2293
2013-11-12,2714
2013-11-13,2715
2013-11-14,2916
2013-11-15,3103
2013-11-16,3346
2013-11-17,3585
2013-11-18,2418
2013-11-19,2833
2013-11-2,2730
2013-11-21,2888
2013-11-22,3051
2013-11-23,3292
2013-11-24,3444
2013-11-25,2319
2013-11-26,2764
2013-11-27,2790
2013-11-28,2884
2013-11-29,3019
2013-11-3,3228
2013-12-01,2515
2013-12-02,1770
2013-12-03,1946
2013-12-04,1926
2013-12-05,2080
2013-12-06,2183
2013-12-07,2394
2013-12-08,2379
2013-12-09,1563
2013-12-1,1932
2013-12-11,2021
2013-12-12,2120
2013-12-13,2209
2013-12-14,2322
2013-12-15,2512
2013-12-16,1731
2013-12-17,1869
2013-12-18,1940
2013-12-19,2096
2013-12-2,2234
2013-12-21,2421
2013-12-22,2547
2013-12-23,1699
2013-12-24,1941
2013-12-25,1977
2013-12-26,2094
2013-12-27,2143
2013-12-28,2368
2013-12-29,2393
2013-12-3,1663
2013-12-31,1954
2014-01-01,1937
2014-01-02,2167
2014-01-03,2355
2014-01-04,2475
2014-01-05,2545
2014-01-06,1695
2014-01-07,2009
2014-01-08,1966
2014-01-09,2227
2014-01-1,2280
2014-01-11,2375
2014-01-12,2539
2014-01-13,1745
2014-01-14,1987
2014-01-15,1970
2014-01-16,2079
2014-01-17,2322
2014-01-18,2453
2014-01-19,2572
2014-01-2,1777
2014-01-21,1975
2014-01-22,1982
2014-01-23,2161
2014-01-24,2343
2014-01-25,2538
2014-01-26,2565
2014-01-27,1711
2014-01-28,2076
2014-01-29,2042
2014-01-3,2160
2014-01-31,2287
2014-02-01,2773
2014-02-02,2947
2014-02-03,1880
2014-02-04,2214
2014-02-05,2214
2014-02-06,2335
2014-02-07,2600
2014-02-08,2751
2014-02-09,2967
2014-02-1,1856
2014-02-11,2217
2014-02-12,2197
2014-02-13,2404
2014-02-14,2502
2014-02-15,2675
2014-02-16,2836
2014-02-17,1954
2014-02-18,2224
2014-02-19,2218
2014-02-2,2384
2014-02-21,2598
2014-02-22,2648
2014-02-23,2826
2014-02-24,1911
2014-02-25,2350
2014-02-26,2302
2014-02-27,2332
2014-02-28,2490
2014-03-01,3312
2014-03-02,3545
2014-03-03,2310
2014-03-04,2746
2014-03-05,2647
2014-03-06,2867
2014-03-07,3039
2014-03-08,3270
2014-03-09,3488
2014-03-1,2237
2014-03-11,2707
2014-03-12,2705
2014-03-13,2831
2014-03-14,3082
2014-03-15,3329
2014-03-16,3414
2014-03-17,2277
2014-03-18,2724
2014-03-19,2700
2014-03-2,2931
2014-03-21,2993
2014-03-22,3284
2014-03-23,3449
2014-03-24,2250
2014-03-25,2609
2014-03-26,2669
2014-03-27,2854
2014-03-28,3133
2014-03-29,3279
2014-03-3,3576
2014-03-31,2290
2014-04-01,3063
2014-04-02,3135
2014-04-03,3326
2014-04-04,3505
2014-04-05,3852
2014-04-06,4084
2014-04-07,2726
2014-04-08,3160
2014-04-09,3198
2014-04-1,3319
2014-04-11,3572
2014-04-12,3902
2014-04-13,4104
2014-04-14,2679
2014-04-15,3207
2014-04-16,3137
2014-04-17,3494
2014-04-18,3524
2014-04-19,3813
2014-04-2,3904
2014-04-21,2706
2014-04-22,3161
2014-04-23,3130
2014-04-24,3350
2014-04-25,3567
2014-04-26,3751
2014-04-27,4096
2014-04-28,2794
2014-04-29,3149
2014-04-3,3056
2014-05-01,3709
2014-05-02,3900
2014-05-03,4031
2014-05-04,4295
2014-05-05,2942
2014-05-06,3468
2014-05-07,3405
2014-05-08,3614
2014-05-09,3770
2014-05-1,4017
2014-05-11,4323
2014-05-12,2993
2014-05-13,3340
2014-05-14,3267
2014-05-15,3571
2014-05-16,3749
2014-05-17,4104
2014-05-18,4258
2014-05-19,2930
2014-05-2,3294
2014-05-21,3389
2014-05-22,3581
2014-05-23,3784
2014-05-24,4120
2014-05-25,4302
2014-05-26,2840
2014-05-27,3415
2014-05-28,3444
2014-05-29,3600
2014-05-3,3757
2014-05-31,4057
2014-06-01,4606
2014-06-02,3096
2014-06-03,3552
2014-06-04,3525
2014-06-05,3731
2014-06-06,4194
2014-06-07,4210
2014-06-08,4587
2014-06-09,3034
2014-06-1,3627
2014-06-11,3615
2014-06-12,3870
2014-06-13,4091
2014-06-14,4386
2014-06-15,4696
2014-06-16,3147
2014-06-17,3611
2014-06-18,3621
2014-06-19,3880
2014-06-2,4136
2014-06-21,4414
2014-06-22,4501
2014-06-23,3027
2014-06-24,3591
2014-06-25,3603
2014-06-26,3981
2014-06-27,4084
2014-06-28,4407
2014-06-29,4644
2014-06-3,3023
2014-07-01,3784
2014-07-02,3873
2014-07-03,4040
2014-07-04,4358
2014-07-05,4545
2014-07-06,4985
2014-07-07,3272
2014-07-08,3808
2014-07-09,3908
2014-07-1,4147
2014-07-11,4428
2014-07-12,4621
2014-07-13,4791
2014-07-14,3262
2014-07-15,3910
2014-07-16,3749
2014-07-17,4125
2014-07-18,4433
2014-07-19,4593
2014-07-2,4814
2014-07-21,3201
2014-07-22,3773
2014-07-23,3699
2014-07-24,4081
2014-07-25,4377
2014-07-26,4556
2014-07-27,4895
2014-07-28,3235
2014-07-29,3764
2014-07-3,3896
2014-07-31,4101
2014-08-01,3849
2014-08-02,4114
2014-08-03,4291
2014-08-04,2929
2014-08-05,3316
2014-08-06,3346
2014-08-07,3608
2014-08-08,3759
2014-08-09,3997
2014-08-1,4230
2014-08-11,2889
2014-08-12,3428
2014-08-13,3350
2014-08-14,3538
2014-08-15,3762
2014-08-16,3955
2014-08-17,4405
2014-08-18,2870
2014-08-19,3339
2014-08-2,3325
2014-08-21,3618
2014-08-22,3711
2014-08-23,3996
2014-08-24,4296
2014-08-25,2806
2014-08-26,3337
2014-08-27,3338
2014-08-28,3566
2014-08-29,3873
2014-08-3,4031
2014-08-31,4344
2014-09-01,2656
2014-09-02,3082
2014-09-03,3081
2014-09-04,3390
2014-09-05,3553
2014-09-06,3788
2014-09-07,4027
2014-09-08,2670
2014-09-09,3120
2014-09-1,3261
2014-09-11,3318
2014-09-12,3599
2014-09-13,3876
2014-09-14,4039
2014-09-15,2732
2014-09-16,3056
2014-09-17,3091
2014-09-18,3320
2014-09-19,3663
2014-09-2,3758
2014-09-21,3971
2014-09-22,2667
2014-09-23,3084
2014-09-24,3086
2014-09-25,3294
2014-09-26,3529
2014-09-27,3802
2014-09-28,4076
2014-09-29,2685
2014-09-3,3066
2014-10-01,2928
2014-10-02,3200
2014-10-03,3414
2014-10-04,3523
2014-10-05,3741
2014-10-06,2533
2014-10-07,2861
2014-10-08,2895
2014-10-09,3110
2014-10-1,3236
2014-10-11,3381
2014-10-12,3700
2014-10-13,2468
2014-10-14,2944
2014-10-15,3000
2014-10-16,3002
2014-10-17,3341
2014-10-18,3570
2014-10-19,3736
2014-10-2,2534
2014-10-21,3013
2014-10-22,2934
2014-10-23,3068
2014-10-24,3399
2014-10-25,3529
2014-10-26,3731
2014-10-27,2562
2014-10-28,2935
2014-10-29,2868
2014-10-3,3154
2014-10-31,3423
2014-11-01,3806
2014-11-02,3884
2014-11-03,2709
2014-11-04,3110
2014-11-05,3172
2014-11-06,3344
2014-11-07,3520
2014-11-08,3807
2014-11-09,4029
2014-11-1,2656
2014-11-11,3200
2014-11-12,3138
2014-11-13,3302
2014-11-14,3648
2014-11-15,3747
2014-11-16,4099
2014-11-17,2680
2014-11-18,3077
2014-11-19,3114
2014-11-2,3340
2014-11-21,3630
2014-11-22,3869
2014-11-23,4104
2014-11-24,2732
2014-11-25,3066
2014-11-26,3179
2014-11-27,3331
2014-11-28,3650
2014-11-29,3811
2014-11-3,4051
2014-12-01,1983
2014-12-02,2213
2014-12-03,2235
2014-12-04,2320
2014-12-05,2579
2014-12-06,2631
2014-12-07,2799
2014-12-08,1938
2014-12-09,2233
2014-12-1,2216
2014-12-11,2369
2014-12-12,2565
2014-12-13,2757
2014-12-14,2973
2014-12-15,1885
2014-12-16,2228
2014-12-17,2324
2014-12-18,2469
2014-12-19,2547
2014-12-2,2604
2014-12-21,2916
2014-12-22,1927
2014-12-23,2237
2014-12-24,2259
2014-12-25,2356
2014-12-26,2495
2014-12-27,2664
2014-12-28,2821
2014-12-29,1909
2014-12-3,2261
2014-12-31,2276
2015-01-01,2167
2015-01-02,2382
2015-01-03,2506
2015-01-04,2708
2015-01-05,1820
2015-01-06,2116
2015-01-07,2032
2015-01-08,2257
2015-01-09,2530
2015-01-1,2564
2015-01-11,2694
2015-01-12,1805
2015-01-13,2083
2015-01-14,2097
2015-01-15,2300
2015-01-16,2437
2015-01-17,2602
2015-01-18,2672
2015-01-19,1823
2015-01-2,2008
2015-01-21,2089
2015-01-22,2263
2015-01-23,2382
2015-01-24,2620
2015-01-25,2822
2015-01-26,1780
2015-01-27,2061
2015-01-28,2155
2015-01-29,2161
2015-01-3,2405
2015-01-31,2538
2015-02-01,3013
2015-02-02,2046
2015-02-03,2318
2015-02-04,2404
2015-02-05,2486
2015-02-06,2679
2015-02-07,2870
2015-02-08,2988
2015-02-09,1970
2015-02-1,2358
2015-02-11,2364
2015-02-12,2543
2015-02-13,2592
2015-02-14,2790
2015-02-15,2969
2015-02-16,1973
2015-02-17,2387
2015-02-18,2331
2015-02-19,2539
2015-02-2,2880
2015-02-21,2831
2015-02-22,2967
2015-02-23,1983
2015-02-24,2291
2015-02-25,2309
2015-02-26,2495
2015-02-27,2761
2015-02-28,2813
2015-03-01,3576
2015-03-02,2271
2015-03-03,2704
2015-03-04,2806
2015-03-05,3093
2015-03-06,3164
2015-03-07,3482
2015-03-08,3553
2015-03-09,2303
2015-03-1,2796
2015-03-11,2657
2015-03-12,3024
2015-03-13,3239
2015-03-14,3370
2015-03-15,3629
2015-03-16,2421
2015-03-17,2713
2015-03-18,2799
2015-03-19,2890
2015-03-2,3253
2015-03-21,3370
2015-03-22,3602
2015-03-23,2374
2015-03-24,2833
2015-03-25,2687
2015-03-26,2998
2015-03-27,3250
2015-03-28,3331
2015-03-29,3596
2015-03-3,2426
2015-03-31,2794
2015-04-01,3237
2015-04-02,3498
2015-04-03,3735
2015-04-04,3972
2015-04-05,4225
2015-04-06,2803
2015-04-07,3321
2015-04-08,3099
2015-04-09,3514
2015-04-1,3768
2015-04-11,4012
2015-04-12,4265
2015-04-13,2796
2015-04-14,3263
2015-04-15,3296
2015-04-16,3617
2015-04-17,3865
2015-04-18,4040
2015-04-19,4306
2015-04-2,2782
2015-04-21,3205
2015-04-22,3270
2015-04-23,3570
2015-04-24,3660
2015-04-25,3972
2015-04-26,4275
2015-04-27,2769
2015-04-28,3277
2015-04-29,3292
2015-04-3,3462
2015-05-01,4031
2015-05-02,4301
2015-05-03,4393
2015-05-04,2966
2015-05-05,3620
2015-05-06,3539
2015-05-07,3850
2015-05-08,3987
2015-05-09,4248
2015-05-1,4515
2015-05-11,3007
2015-05-12,3427
2015-05-13,3464
2015-05-14,3816
2015-05-15,4035
2015-05-16,4159
2015-05-17,4555
2015-05-18,2923
2015-05-19,3504
2015-05-2,3561
2015-05-21,3798
2015-05-22,3966
2015-05-23,4288
2015-05-24,4488
2015-05-25,2996
2015-05-26,3386
2015-05-27,3549
2015-05-28,3708
2015-05-29,4094
2015-05-3,4117
2015-05-31,4489
2015-06-01,3155
2015-06-02,3770
2015-06-03,3699
2015-06-04,4000
2015-06-05,4313
2015-06-06,4558
2015-06-07,4813
2015-06-08,3188
2015-06-09,3687
2015-06-1,3726
2015-06-11,4046
2015-06-12,4197
2015-06-13,4508
2015-06-14,4854
2015-06-15,3098
2015-06-16,3700
2015-06-17,3747
2015-06-18,3857
2015-06-19,4244
2015-06-2,4615
2015-06-21,4726
2015-06-22,3169
2015-06-23,3657
2015-06-24,3778
2015-06-25,4087
2015-06-26,4268
2015-06-27,4601
2015-06-28,4665
2015-06-29,3173
2015-06-3,3773
2015-07-01,4084
2015-07-02,4409
2015-07-03,4524
2015-07-04,4789
2015-07-05,5062
2015-07-06,3432
2015-07-07,3880
2015-07-08,3968
2015-07-09,4253
2015-07-1,4482
2015-07-11,4678
2015-07-12,5174
2015-07-13,3509
2015-07-14,3897
2015-07-15,4013
2015-07-16,4290
2015-07-17,4587
2015-07-18,4834
2015-07-19,5110
2015-07-2,3420
2015-07-21,3917
2015-07-22,3909
2015-07-23,4244
2015-07-24,4580
2015-07-25,4730
2015-07-26,5030
2015-07-27,3424
2015-07-28,3970
2015-07-29,4008
2015-07-3,4155
2015-07-31,4445
2015-08-01,4234
2015-08-02,4589
2015-08-03,3212
2015-08-04,3377
2015-08-05,3515
2015-08-06,3851
2015-08-07,4053
2015-08-08,4282
2015-08-09,4467
2015-08-1,2992
2015-08-11,3537
2015-08-12,3378
2015-08-13,3744
2015-08-14,3934
2015-08-15,4358
2015-08-16,4486
2015-08-17,3076
2015-08-18,3436
2015-08-19,3465
2015-08-2,3793
2015-08-21,4163
2015-08-22,4202
2015-08-23,4469
2015-08-24,3030
2015-08-25,3403
2015-08-26,3498
2015-08-27,3737
2015-08-28,4042
2015-08-29,4155
2015-08-3,4644
2015-08-31,3104
2015-09-01,3319
2015-09-02,3133
2015-09-03,3505
2015-09-04,3746
2015-09-05,4000
2015-09-06,4342
2015-09-07,2797
2015-09-08,3244
2015-09-09,3253
2015-09-1,3503
2015-09-11,3699
2015-09-12,3980
2015-09-13,4170
2015-09-14,2658
2015-09-15,3257
2015-09-16,3223
2015-09-17,3503
2015-09-18,3684
2015-09-19,3905
2015-09-2,4191
2015-09-21,2846
2015-09-22,3292
2015-09-23,3218
2015-09-24,3505
2015-09-25,3797
2015-09-26,3929
2015-09-27,4223
2015-09-28,2793
2015-09-29,3386
2015-09-3,3322
2015-10-01,3324
2015-10-02,3551
2015-10-03,3712
2015-10-04,3800
2015-10-05,2622
2015-10-06,2961
2015-10-07,3109
2015-10-08,3263
2015-10-09,3376
2015-10-1,3624
2015-10-11,3971
2015-10-12,2662
2015-10-13,3042
2015-10-14,2954
2015-10-15,3154
2015-10-16,3501
2015-10-17,3661
2015-10-18,3864
2015-10-19,2521
2015-10-2,3033
2015-10-21,3055
2015-10-22,3233
2015-10-23,3540
2015-10-24,3626
2015-10-25,3937
2015-10-26,2661
2015-10-27,3007
2015-10-28,3078
2015-10-29,3278
2015-10-3,3477
2015-10-31,3661
2015-11-01,4307
2015-11-02,2846
2015-11-03,3292
2015-11-04,3217
2015-11-05,3581
2015-11-06,3756
2015-11-07,3903
2015-11-08,4177
2015-11-09,2831
2015-11-1,3220
2015-11-11,3317
2015-11-12,3557
2015-11-13,3748
2015-11-14,3897
2015-11-15,4191
2015-11-16,2842
2015-11-17,3233
2015-11-18,3281
2015-11-19,3421
2015-11-2,3668
2015-11-21,4003
2015-11-22,4215
2015-11-23,2734
2015-11-24,3286
2015-11-25,3271
2015-11-26,3534
2015-11-27,3721
2015-11-28,3943
2015-11-29,4185
2015-11-3,2808
2015-12-01,2293
2015-12-02,2435
2015-12-03,2521
2015-12-04,2663
2015-12-05,2986
2015-12-06,3034
2015-12-07,1979
2015-12-08,2401
2015-12-09,2324
2015-12-1,2487
2015-12-11,2668
2015-12-12,2906
2015-12-13,2993
2015-12-14,2043
2015-12-15,2313
2015-12-16,2382
2015-12-17,2487
2015-12-18,2657
2015-12-19,2696
2015-12-2,3006
2015-12-21,2030
2015-12-22,2340
2015-12-23,2323
2015-12-24,2529
2015-12-25,2580
2015-12-26,2841
2015-12-27,2968
2015-12-28,1965
2015-12-29,2366
2015-12-3,2355
2015-12-31,2463
2016-01-01,2630
2016-01-02,2703
2016-01-03,2923
2016-01-04,1940
2016-01-05,2365
2016-01-06,2226
2016-01-07,2431
2016-01-08,2593
2016-01-09,2846
2016-01-1,2960
2016-01-11,1965
2016-01-12,2259
2016-01-13,2206
2016-01-14,2412
2016-01-15,2676
2016-01-16,2841
2016-01-17,2931
2016-01-18,1945
2016-01-19,2290
2016-01-2,2253
2016-01-21,2474
2016-01-22,2616
2016-01-23,2751
2016-01-24,2921
2016-01-25,2000
2016-01-26,2192
2016-01-27,2344
2016-01-28,2421
2016-01-29,2616
2016-01-3,2722
2016-01-31,2940
2016-02-01,2103
2016-02-02,2536
2016-02-03,2595
2016-02-04,2701
2016-02-05,2904
2016-02-06,3037
2016-02-07,3132
2016-02-08,2130
2016-02-09,2573
2016-02-1,2512
2016-02-11,2693
2016-02-12,2900
2016-02-13,3069
2016-02-14,3250
2016-02-15,2138
2016-02-16,2597
2016-02-17,2543
2016-02-18,2743
2016-02-19,2935
2016-02-2,3107
2016-02-21,3185
2016-02-22,2250
2016-02-23,2518
2016-02-24,2485
2016-02-25,2805
2016-02-26,2942
2016-02-27,3116
2016-02-28,3217
2016-02-29,2135
2016-03-01,3069
2016-03-02,2955
2016-03-03,3228
2016-03-04,3443
2016-03-05,3749
2016-03-06,3978
2016-03-07,2559
2016-03-08,3069
2016-03-09,3020
2016-03-1,3211
2016-03-11,3557
2016-03-12,3745
2016-03-13,3952
2016-03-14,2603
2016-03-15,3079
2016-03-16,2956
2016-03-17,3333
2016-03-18,3541
2016-03-19,3675
2016-03-2,3837
2016-03-21,2658
2016-03-22,3179
2016-03-23,2938
2016-03-24,3210
2016-03-25,3467
2016-03-26,3688
2016-03-27,3901
2016-03-28,2687
2016-03-29,3072
2016-03-3,2993
2016-03-31,3243
2016-04-01,4125
2016-04-02,4280
2016-04-03,4636
2016-04-04,2963
2016-04-05,3564
2016-04-06,3656
2016-04-07,3776
2016-04-08,3965
2016-04-09,4279
2016-04-1,4537
2016-04-11,3004
2016-04-12,3463
2016-04-13,3578
2016-04-14,3724
2016-04-15,3953
2016-04-16,4176
2016-04-17,4646
2016-04-18,3075
2016-04-19,3542
2016-04-2,3481
2016-04-21,3702
2016-04-22,4086
2016-04-23,4283
2016-04-24,4559
2016-04-25,3136
2016-04-26,3537
2016-04-27,3469
2016-04-28,3916
2016-04-29,4035
2016-04-3,4408
2016-05-01,4845
2016-05-02,3255
2016-05-03,3839
2016-05-04,3810
2016-05-05,4105
2016-05-06,4397
2016-05-07,4676
2016-05-08,4858
2016-05-09,3287
2016-05-1,3788
2016-05-11,3807
2016-05-12,4022
2016-05-13,4277
2016-05-14,4561
2016-05-15,4703
2016-05-16,3305
2016-05-17,3735
2016-05-18,3770
2016-05-19,4013
2016-05-2,4492
2016-05-21,4663
2016-05-22,4738
2016-05-23,3272
2016-05-24,3750
2016-05-25,3784
2016-05-26,4012
2016-05-27,4194
2016-05-28,4473
2016-05-29,5051
2016-05-3,3241
2016-05-31,3880
2016-06-01,3988
2016-06-02,4351
2016-06-03,4620
2016-06-04,4913
2016-06-05,5429
2016-06-06,3481
2016-06-07,4069
2016-06-08,3952
2016-06-09,4377
2016-06-1,4558
2016-06-11,4952
2016-06-12,5153
2016-06-13,3483
2016-06-14,4022
2016-06-15,4124
2016-06-16,4412
2016-06-17,4745
2016-06-18,4690
2016-06-19,5182
2016-06-2,3486
2016-06-21,4182
2016-06-22,4202
2016-06-23,4403
2016-06-24,4658
2016-06-25,4927
2016-06-26,5368
2016-06-27,3542
2016-06-28,4044
2016-06-29,3883
2016-06-3,4339
2016-07-01,5025
2016-07-02,5247
2016-07-03,5605
2016-07-04,3643
2016-07-05,4326
2016-07-06,4298
2016-07-07,4602
2016-07-08,4908
2016-07-09,5258
2016-07-1,5589
2016-07-11,3643
2016-07-12,4254
2016-07-13,4396
2016-07-14,4652
2016-07-15,4828
2016-07-16,5285
2016-07-17,5593
2016-07-18,3679
2016-07-19,4242
2016-07-2,4390
2016-07-21,4664
2016-07-22,5043
2016-07-23,5117
2016-07-24,5415
2016-07-25,3644
2016-07-26,4305
2016-07-27,4293
2016-07-28,4673
2016-07-29,4904
2016-07-3,5225
2016-07-31,5647
2016-08-01,3283
2016-08-02,3890
2016-08-03,3878
2016-08-04,4001
2016-08-05,4370
2016-08-06,4871
2016-08-07,4854
2016-08-08,3244
2016-08-09,3805
2016-08-1,3812
2016-08-11,3981
2016-08-12,4322
2016-08-13,4621
2016-08-14,4910
2016-08-15,3305
2016-08-16,3779
2016-08-17,3714
2016-08-18,4022
2016-08-19,4414
2016-08-2,4503
2016-08-21,4884
2016-08-22,3244
2016-08-23,3801
2016-08-24,3840
2016-08-25,4072
2016-08-26,4350
2016-08-27,4591
2016-08-28,4839
2016-08-29,3273
2016-08-3,3658
2016-08-31,3854
2016-09-01,3933
2016-09-02,4021
2016-09-03,4226
2016-09-04,4623
2016-09-05,2963
2016-09-06,3491
2016-09-07,3407
2016-09-08,3790
2016-09-09,4144
2016-09-1,4294
2016-09-11,4535
2016-09-12,2948
2016-09-13,3561
2016-09-14,3457
2016-09-15,3785
2016-09-16,4145
2016-09-17,4307
2016-09-18,4644
2016-09-19,3086
2016-09-2,3489
2016-09-21,3443
2016-09-22,3733
2016-09-23,4117
2016-09-24,4294
2016-09-25,4528
2016-09-26,3042
2016-09-27,3529
2016-09-28,3606
2016-09-29,3801
2016-09-3,4076
2016-10-01,3875
2016-10-02,4127
2016-10-03,2909
2016-10-04,3296
2016-10-05,3296
2016-10-06,3466
2016-10-07,3774
2016-10-08,3999
2016-10-09,4254
2016-10-1,2744
2016-10-11,3304
2016-10-12,3311
2016-10-13,3526
2016-10-14,3748
2016-10-15,4130
2016-10-16,4316
2016-10-17,2711
2016-10-18,3282
2016-10-19,3309
2016-10-2,3530
2016-10-21,3765
2016-10-22,3994
2016-10-23,4289
2016-10-24,2800
2016-10-25,3382
2016-10-26,3205
2016-10-27,3602
2016-10-28,3849
2016-10-29,4033
2016-10-3,4091
2016-10-31,2836
2016-11-01,3497
2016-11-02,3525
2016-11-03,3848
2016-11-04,4082
2016-11-05,4337
2016-11-06,4626
2016-11-07,3026
2016-11-08,3546
2016-11-09,3679
2016-11-1,3720
2016-11-11,4106
2016-11-12,4221
2016-11-13,4605
2016-11-14,3026
2016-11-15,3458
2016-11-16,3551
2016-11-17,3763
2016-11-18,4131
2016-11-19,4306
2016-11-2,4674
2016-11-21,3008
2016-11-22,3528
2016-11-23,3514
2016-11-24,3778
2016-11-25,4062
2016-11-26,4314
2016-11-27,4547
2016-11-28,3067
2016-11-29,3584
2016-11-3,3576
2016-12-01,2743
2016-12-02,2830
2016-12-03,3147
2016-12-04,3248
2016-12-05,2193
2016-12-06,2452
2016-12-07,2480
2016-12-08,2792
2016-12-09,2841
2016-12-1,3130
2016-12-11,3194
2016-12-12,2188
2016-12-13,2549
2016-12-14,2526
2016-12-15,2732
2016-12-16,2913
2016-12-17,3055
2016-12-18,3270
2016-12-19,2215
2016-12-2,2540
2016-12-21,2445
2016-12-22,2739
2016-12-23,2815
2016-12-24,3140
2016-12-25,3194
2016-12-26,2075
2016-12-27,2462
2016-12-28,2491
2016-12-29,2801
2016-12-3,2847
2016-12-31,3092
2017-01-01,3044
2017-01-02,1967
2017-01-03,2481
2017-01-04,2348
2017-01-05,2648
2017-01-06,2677
2017-01-07,2861
2017-01-08,2988
2017-01-09,2018
2017-01-1,2471
2017-01-11,2386
2017-01-12,2458
2017-01-13,2641
2017-01-14,2835
2017-01-15,3042
2017-01-16,1912
2017-01-17,2350
2017-01-18,2355
2017-01-19,2456
2017-01-2,2701
2017-01-21,2869
2017-01-22,3030
2017-01-23,2066
2017-01-24,2427
2017-01-25,2298
2017-01-26,2493
2017-01-27,2591
2017-01-28,2788
2017-01-29,2933
2017-01-3,2025
2017-01-31,2385
2017-02-01,2675
2017-02-02,2831
2017-02-03,3026
2017-02-04,3224
2017-02-05,3413
2017-02-06,2270
2017-02-07,2630
2017-02-08,2591
2017-02-09,2749
2017-02-1,2959
2017-02-11,3259
2017-02-12,3350
2017-02-13,2184
2017-02-14,2613
2017-02-15,2676
2017-02-16,2815
2017-02-17,3079
2017-02-18,3206
2017-02-19,3391
2017-02-2,2167
2017-02-21,2563
2017-02-22,2614
2017-02-23,2828
2017-02-24,3052
2017-02-25,3289
2017-02-26,3382
2017-02-27,2231
2017-02-28,2635
2017-03-01,3179
2017-03-02,3389
2017-03-03,3640
2017-03-04,3799
2017-03-05,4048
2017-03-06,2796
2017-03-07,3137
2017-03-08,3236
2017-03-09,3439
2017-03-1,3502
2017-03-11,3790
2017-03-12,4094
2017-03-13,2755
2017-03-14,3263
2017-03-15,3168
2017-03-16,3370
2017-03-17,3646
2017-03-18,3849
2017-03-19,4081
2017-03-2,2710
2017-03-21,3208
2017-03-22,3310
2017-03-23,3299
2017-03-24,3559
2017-03-25,3796
2017-03-26,4091
2017-03-27,2724
2017-03-28,3116
2017-03-29,3205
2017-03-3,3409
2017-03-31,3475
2017-04-01,4402
2017-04-02,4722
2017-04-03,3039
2017-04-04,3619
2017-04-05,3548
2017-04-06,3896
2017-04-07,4309
2017-04-08,4449
2017-04-09,4667
2017-04-1,3223
2017-04-11,3599
2017-04-12,3705
2017-04-13,3870
2017-04-14,4240
2017-04-15,4512
2017-04-16,4647
2017-04-17,3089
2017-04-18,3547
2017-04-19,3724
2017-04-2,4026
2017-04-21,4173
2017-04-22,4401
2017-04-23,4746
2017-04-24,3194
2017-04-25,3724
2017-04-26,3674
2017-04-27,3820
2017-04-28,4286
2017-04-29,4508
2017-04-3,4672
2017-05-01,3292
2017-05-02,4097
2017-05-03,3965
2017-05-04,4134
2017-05-05,4498
2017-05-06,4747
2017-05-07,5065
2017-05-08,3477
2017-05-09,3958
2017-05-1,4010
2017-05-11,4253
2017-05-12,4440
2017-05-13,4723
2017-05-14,5033
2017-05-15,3325
2017-05-16,3937
2017-05-17,3929
2017-05-18,4240
2017-05-19,4574
2017-05-2,4792
2017-05-21,5100
2017-05-22,3342
2017-05-23,3798
2017-05-24,3923
2017-05-25,4238
2017-05-26,4625
2017-05-27,4853
2017-05-28,5039
2017-05-29,3369
2017-05-3,3782
2017-05-31,3916
2017-06-01,4498
2017-06-02,4720
2017-06-03,5145
2017-06-04,5387
2017-06-05,3632
2017-06-06,4251
2017-06-07,4269
2017-06-08,4529
2017-06-09,4776
2017-06-1,5179
2017-06-11,5379
2017-06-12,3493
2017-06-13,4208
2017-06-14,4311
2017-06-15,4493
2017-06-16,4754
2017-06-17,5090
2017-06-18,5415
2017-06-19,3558
2017-06-2,4108
2017-06-21,4191
2017-06-22,4505
2017-06-23,4732
2017-06-24,5080
2017-06-25,5408
2017-06-26,3604
2017-06-27,4142
2017-06-28,4198
2017-06-29,4521
2017-06-3,4779
2017-07-01,5433
2017-07-02,5771
2017-07-03,3847
2017-07-04,4441
2017-07-05,4412
2017-07-06,4852
2017-07-07,5086
2017-07-08,5317
2017-07-09,5689
2017-07-1,3911
2017-07-11,4487
2017-07-12,4328
2017-07-13,4669
2017-07-14,5003
2017-07-15,5368
2017-07-16,5765
2017-07-17,3811
2017-07-18,4374
2017-07-19,4475
2017-07-2,4725
2017-07-21,5246
2017-07-22,5500
2017-07-23,5839
2017-07-24,3854
2017-07-25,4597
2017-07-26,4483
2017-07-27,4853
2017-07-28,5043
2017-07-29,5396
2017-07-3,5755
2017-07-31,3775
2017-08-01,3936
2017-08-02,3880
2017-08-03,4252
2017-08-04,4447
2017-08-05,4775
2017-08-06,5000
2017-08-07,3369
2017-08-08,4016
2017-08-09,3945
2017-08-1,4343
2017-08-11,4609
2017-08-12,4785
2017-08-13,4984
2017-08-14,3350
2017-08-15,3846
2017-08-16,3944
2017-08-17,4311
2017-08-18,4548
2017-08-19,4775
2017-08-2,5173
2017-08-21,3340
2017-08-22,3904
2017-08-23,4018
2017-08-24,4214
2017-08-25,4506
2017-08-26,4966
2017-08-27,5263
2017-08-28,3322
2017-08-29,4019
2017-08-3,3875
2017-08-31,4148
2017-09-01,4142
2017-09-02,4404
2017-09-03,4675
2017-09-04,3137
2017-09-05,3603
2017-09-06,3750
2017-09-07,3869
2017-09-08,4229
2017-09-09,4478
2017-09-1,4694
2017-09-11,3103
2017-09-12,3656
2017-09-13,3724
2017-09-14,4081
2017-09-15,4145
2017-09-16,4546
2017-09-17,4854
2017-09-18,3131
2017-09-19,3605
2017-09-2,3680
2017-09-21,3914
2017-09-22,4126
2017-09-23,4448
2017-09-24,4792
2017-09-25,3205
2017-09-26,3626
2017-09-27,3715
2017-09-28,3989
2017-09-29,4233
2017-09-3,4484
2017-10-01,4423
2017-10-02,2930
2017-10-03,3433
2017-10-04,3344
2017-10-05,3695
2017-10-06,3882
2017-10-07,4098
2017-10-08,4268
2017-10-09,2901
2017-10-1,3342
2017-10-11,3413
2017-10-12,3703
2017-10-13,3973
2017-10-14,4187
2017-10-15,4371
2017-10-16,2964
2017-10-17,3413
2017-10-18,3529
2017-10-19,3754
2017-10-2,3877
2017-10-21,4162
2017-10-22,4422
2017-10-23,3020
2017-10-24,3424
2017-10-25,3499
2017-10-26,3629
2017-10-27,3861
2017-10-28,4191
2017-10-29,4385
2017-10-3,2954
2017-10-31,3445
2017-11-01,3525
2017-11-02,4013
2017-11-03,4206
2017-11-04,4384
2017-11-05,4834
2017-11-06,3133
2017-11-07,3733
2017-11-08,3652
2017-11-09,3905
2017-11-1,4195
2017-11-11,4405
2017-11-12,4740
2017-11-13,3110
2017-11-14,3762
2017-11-15,3746
2017-11-16,3960
2017-11-17,4141
2017-11-18,4466
2017-11-19,4716
2017-11-2,3144
2017-11-21,3827
2017-11-22,3679
2017-11-23,4003
2017-11-24,4258
2017-11-25,4475
2017-11-26,4853
2017-11-27,3144
2017-11-28,3707
2017-11-29,3654
2017-11-3,3988
2017-12-01,3022
2017-12-02,3165
2017-12-03,3451
2017-12-04,2220
2017-12-05,2602
2017-12-06,2549
2017-12-07,2870
2017-12-08,2952
2017-12-09,3129
2017-12-1,3417
2017-12-11,2213
2017-12-12,2595
2017-12-13,2670
2017-12-14,2808
2017-12-15,3029
2017-12-16,3276
2017-12-17,3322
2017-12-18,2257
2017-12-19,2695
2017-12-2,2671
2017-12-21,2886
2017-12-22,3054
2017-12-23,3233
2017-12-24,3347
2017-12-25,2318
2017-12-26,2581
2017-12-27,2624
2017-12-28,2839
2017-12-29,3025
2017-12-3,3151
2017-12-31,3370
